Model,Accuracy,Precision,Recall,F1,AUC
Logistic Regression,0.6666666666666666,0.5543003851091143,0.6666666666666666,0.6029571646010001,0.8388181179135548
Decision Tree,0.45614035087719296,0.45497076023391814,0.45614035087719296,0.44733264380826,0.5732728822754398
Random Forest,0.5964912280701754,0.5365284312652734,0.5964912280701754,0.5618738876175947,0.7204567005361189
SVM,0.6491228070175439,0.49847560975609756,0.6491228070175439,0.5636643613091582,0.7458214939814077
