Model,Accuracy,Precision,Recall,F1,AUC
Logistic Regression,0.6666666666666666,0.5543003851091143,0.6666666666666666,0.6029571646010001,0.8388181179135548
Decision Tree,0.45614035087719296,0.5371913947765341,0.45614035087719296,0.4835220234494282,0.6154832209563667
Random Forest,0.6140350877192983,0.5405213438454435,0.6140350877192983,0.5716374269005848,0.7403243091841827
SVM,0.6491228070175439,0.49847560975609756,0.6491228070175439,0.5636643613091582,0.7458214939814077
